,Username,Tweet,Polarity,Tweet_Tune
0,pedroevanf,"Japan's process for buying a gun requires an interview with the police about why you need a gun, a psych evaluation, 3 different permits and a background check that includes interviews of family and neighbors.",0.0,0
1,Mojocitarita,"One of the saddest developments in this story yet: 
https://t.co/atLUxG8EO4",0.0,0
2,0123Cathy,Maybe all this money spent on police departments and tactical gear and weapons is just giving more money to the gun industry whose products they are failing to keep us safe from in the first place. It‚Äôs a scam and we‚Äôre the cannon fodder.@GOP,0.2875,1
3,bluebird21833,BREAKING (@AP) : Senate Republicans just blocked a domestic terrorism bill that would have opened debate on gun measures after the deadly Texas school shooting.,-0.1,-1
4,byjesusrdgz,BREAKKING NEWS: Police: Reports of subject with a gun at Bel Air High School - KVIA https://t.co/SBlcWg3ISW,-0.003333333333333327,-1
5,DellaPManning,"Gun control DOESN‚ÄôT work. 

It leaves law abiding citizens defenseless. 

SHALL NOT BE INFRINGED. https://t.co/LDNR3mrtpP",-0.4,-1
6,Analisa_Swan,The only thing that can stop a bad guy with a gun is a good guys voting every NRA backed politician the hell out in November.,3.700743415417188e-17,1
7,tinpanloner,How is my adderall harder to get than a gun,-0.1,-1
8,Jmart0291,"Something doesn‚Äôt add up. Yes, we can still ask questions and care about the victims at the same time.",0.0,0
9,parrjojo,"If the gun protectors in Congress are voted out, things may change. If they retain their seats, nothing will change.
Pretty simple.",0.125,1
10,momfungible,"@MeidasTouch Former POTUS on premises or not, this sounds like gun control to me. I thought the NRA was against that? Go figure",0.0,0
11,VickieW47132882,"19 kids are dead today. I used to make the argument that guns aren‚Äôt the problem. Years ago I stopped doing that. Because they are. We MUST stop doing what we‚Äôve always done. To all my law-abiding gun owner friends, PLEASE, put down your politics and be a part of the solution. üíî",-0.1777777777777778,-1
12,Hg4Ar,".@MomsDemand helped me find my voice &amp; hone my skills. I realized we need new leaders in order to enact change, leading to a career in campaigns.

Thru @EmergeAmerica, I now have the honor of recruiting &amp; training women across Arkansas. 

Together, we‚Äôll change the face of power.",0.13636363636363635,1
13,BettyBowers,"@AP @morgfair Nothing stops a bad guy with a gun except an incompetent, scared guy with a gun who is afraid to use it.",-0.5499999999999999,-1
14,FrancieJones,"""I said, 'What on Earth are you talking about? They‚Äôve been in the Army for three months. They‚Äôve only held a gun once.'‚Äù

One Russian mother tells @BBCSteveR the remarkable story of how she saved her sons from the war in Ukraine. For @BBCNews at 10 (Camera/edit @LizaVereykina) https://t.co/bRTOJUAJhh",0.25,1
15,GPaWeasel,@Chu_Crazy_Man @kimsmart122172 @WatchChad The NICS background check is managed by the FBI and a nation gun registry is explicitly illegal by law.  But.. do I believe the ATF and/or FBI don't have that info at their fingertips...  wanna buy some beach front property in Kansas?,-0.5,-1
16,hudsonkw86,"So McConnell is finally ‚Äúwilling to engage on limited gun measures ‚Äòdirectly related‚Äô to Uvalde? 
But why not Buffalo you racist Fucktard!!!!!",0.05952380952380953,1
17,mkhodges,"I've been hearing this ""breakdown of society"" crap for 50 years. I even once believed it
 
It's the guns, stupid",-0.8,-1
18,BadChad53,"You have got the kidding me,right? Not even opening up the discussion is just as bad as pulling the trigger‚Ä¶",-0.6999999999999998,-1
19,KevinHowey22,"Private gun owners:
Wouldn‚Äôt you be willing to give up your AR-15s if it would bring those 19 children back?",0.08333333333333333,1
20,Apoptos44475462,"THEY HAVE TO MAKE SURE THEIR #REPUBLIGUN MILITIAS CAN ARM/AMMO UP FOR THE SOON TO BE CIVIL WAR....THE TRUCKER CONVOYS ARE GAINING NEW CIVIL WAR PARTICIPANTS 
(THAT IS THE SOLE PURPOSE OF THE CONVOYS)

PLUS THEY ALL STRIVE FOR THE A+ ''GRADE'' THE NRA WILL GIVE THEM

#GUNBITCHBOIS",0.21212121212121213,1
21,BrianPuharich,Uvalde Shooter Fired Gun For 12 Minutes Outside School Before Entering https://t.co/lWoc0wAkmw,0.0,0
22,EMorgan52,"@Newsweek Good for them... Now protest that you want your school taken off the ""gun free zone"" list and that you need an armed safety officer at the school",0.55,1
23,emersonlejong,"Wait, so gun control laws aren‚Äôt going to help prevent shootings but laws against abortion are supposed to stop abortions?",0.0,0
24,MudderFudder77,For several years I‚Äôve filed legislation to require photo ID to verify the age of purchasers of guns and ammunition after @fox4kc showed how easy it is for a teenager to purchase both illegally in the middle of the school day. Four years no hearing. #moleg https://t.co/qunRhepORH,-0.016666666666666663,-1
25,KataKateri,"@farrisj That poor family. üò¢ And, Cruz would not even discuss rational gun control policy the other night.. called it Democratic Party talking points. How callous do you have to be to watch this happen over &amp; over and do nothing???",-0.2625,-1
26,notleviscott,"congratulations America, I didn‚Äôt think you could outdo yourself but ‚Äúcops threatening to stun gun Latino parents as their little kids were murdered‚Äù is a new zenith in Bipartisan National Death Drive",-0.025568181818181823,-1
27,victorehusky,Child Gun Deaths In Texas Doubled Under Greg Abbott. Then Came Uvalde. https://t.co/Zd4w23Szlv via @Yahoo,0.0,0
28,davidlewis77,"Wait, so gun control laws aren‚Äôt going to help prevent shootings but laws against abortion are supposed to stop abortions?",0.0,0
29,rose4worldpeace,BREAKING: Senate Republicans blocked a domestic terrorism bill that would have opened debate on gun measures after the deadly Texas school shooting. https://t.co/hMdW0iNItZ,-0.1,-1
30,MsCocoLov,Once again the Senate GOP are standing in the way. From common sense gun reform to Women‚Äôs rights to voting rights they have blocked &amp; obstructed positive change. We MUST pick up seats in the Senate!  Support our candidates &amp; state parties in races to add to the majority!,0.027556818181818182,1
31,theseconddb,"Kids here are holding signs that say things like:  ‚ÄúI want 2 B a scientist, not a gun statistic.‚Äù https://t.co/GFeM2hkH3n",0.0,0
32,Patrici64988464,"@Numbers28 Too disgusted.
I find it difficult to post without profanity right now.
I hadn't processed the blind rage of Buffalo, now this murdering of children.
They had to use DNA to Identify the victims. Rot in hell all gun owners who oppose strict gun control.
These deaths are on you. https://t.co/xe1fAYFVZJ",-0.4285714285714286,-1
33,thattizzank,"It used to be kids were twice as likely to die in auto accidents than by gunshot. But in 2020 for the first time, firearms became the leading cause of death among American kids, surpassing motor vehicles. ‚Å¶@caitlinnowens‚Å©  https://t.co/Q502Pike3Z",0.08333333333333333,1
34,VictoriaZapatos,This shooting could have been prevented with an armed security guard. It could have been prevented if the cops had done their jobs. It could have been printed if they LOCKED THE DOOR. It could have been prevented in a dozen simple ways. Gun laws have nothing to do with it.,0.0,0
35,KellyUlrich16,"If the gun protectors in Congress are voted out, things may change. If they retain their seats, nothing will change.
Pretty simple.",0.125,1
36,cobraham,"We have to agree to never publicize the names of school shooters and other publicity-seeking mass murderers. This is not a gun or even a ""mental health"" issue. It's an issue of malevolent narcissists weaponizing mass media. Stop publishing their names and the problem will end.",-0.3416666666666666,-1
37,matt4etc,Professor @JonathanTurley is a widely respected Constitutional law scholar. You're a failed talk show host.,-0.3,-1
38,JenJamesBeauty,Like he sent Tim Scott to work on voting rights and police reform?,0.0,0
39,roboThomas,"Bullshit.
Countries like Australia that have imposed strict gun control cut the instance of gun murders by 70%.",0.0,0
40,kilojoule_kj,@Newsweek Children being killed by a crazy person using firearms does not warrant gun control no more than animators being killed by a crazy arsonist using gasoline does not warrant gasoline control. ü§∑‚Äç‚ôÄÔ∏è,-0.37,-1
41,NagaConnie,Tried to visit the gun store that sold weapons to the Uvalde gunman. Was stopped in parking lot by management. It‚Äôs open but I‚Äôm not allowed in. Asked why‚Ä¶ ‚ÄúYou have a notepad‚Ä¶ and an accent.‚Äù,0.0,0
42,mitchw7959,"Dear CEOS of gun manufacturers, please stop making and selling AR-15s. Just do the right thing.",0.2857142857142857,1
43,stariawars,"Japan's process for buying a gun requires an interview with the police about why you need a gun, a psych evaluation, 3 different permits and a background check that includes interviews of family and neighbors.",0.0,0
44,candmackerel,"everyone from the building is safe and in the clear!! fb says the have the guy in custody! 
that was fucking scary! thank you for everyone checking in!",-0.028645833333333332,-1
45,CurseWokeIsland,"I had to walk through a metal detector at where I went to both middle and high schools. There were police at the once entrance and rest of the doors were locked, sometimes chained.

It works.

What doesn't work, is gun control. It was a blue antigun state. Yet everyone had a gun.",0.05333333333333334,1
46,travelingjack22,"Senate millionaires leave DC without one republican asked if they bear personal responsibility for the gun deaths 

Come judgement day, a lot of prolife republicans are going to be shocked",-0.35,-1
47,somuchtodo2,"#AbbottCruzMassacre 

We are tired of thoughts and prayers without action.

And we will NOT allow for this kind of tragedy to continue

‚Äî Olivia Julianna (@0liviajulianna) May 25, 2022

https://t.co/DQe8OzuqBZ",0.09999999999999998,1
48,kellykellskells,"It‚Äôs just sick that gun manufacturers have spent two decades aggressively marketing assault weapons which make them some of the biggest profits. 

For God‚Äôs sake, let‚Äôs have the courage to stand up to the industry.",-0.40714285714285714,-1
49,Raigynnn,"if i wanted to go out and buy a gun rn, i could. like very easily. ‚Ä¶. y‚Äôall don‚Äôt want a nigga like me in the streets wit a gun. im a damn idiot",-0.11833333333333335,-1
50,Di_zapata,Again,0.0,0
51,FlimsRadar,"@NoLieWithBTC But surely all those ‚Äútrained and responsible‚Äù gun owners carrying their guns would make it the safest place in the entire country?

Isn‚Äôt that the NRA‚Äôs thinking for how to make schools safe?",0.3,1
52,sortaskeptical,"@Gdad1 @LoveMyKiaraM @bab_102 @Gdad1x6 @Blake_RESISTS @SusanClendaniel @chari_fish @PappyParki @keyboardwren @LarryWoolfolk2 @BeaReno @myteddyisblue @BilliWebb18 @GCDCBflo @Paul_Is_Muadib @LaxerJoe @FullyWoke1 @RenfroRoss @SteveWasHereb4 @cjr_Rainey @Gdad1 Thank you &amp; coming from YOU, what a compliment‚ô•Ô∏è‚ô•Ô∏è‚ô•Ô∏è

Let‚Äôs remember these sweet, innocent childrenüíîüíîüíî
Let‚Äôs demand gun control from our elected officials!

#VoteBlueToSaveOurKids 
#EndGunViolence 
#ProtectOurChildren https://t.co/AkCy3r0HAK",0.4875,1
53,drloreejohnson,Great thread about the ‚Äúlink‚Äù mental health and gun violence.,0.35000000000000003,1
54,BAF8141,"@AlickRoberts @hodgetwins @RpsAgainstTrump We would NEVER ""give up our guns"". There will also be no infringement of rights. 

The mental health crisis in this country is a bigger issue that a damn gun. There are many sick people living here. Guns do not fire themselves. Crazy, sick, deranged, disturbed individuals do.",-0.2714285714285714,-1
55,Annananas78,"Today I am doing three small things, and I invite you to join me if you can. 1) I'm reading this poem, yet again, and thinking about the author's question: what is the opposite of a gun? https://t.co/txCoUmpKtX",-0.125,-1
56,Annmak19447006,"""The U.S. stands out as the only high-income country with a dramatically high firearm homicide rate. The number of deaths through physical violence by firearms is 10 times higher in the U.S. than in the U.K.""
https://t.co/FPtn5h24wi",0.10250000000000001,1
57,hugeshark,"@OhPipeDown There are some interesting aspects to Australia. Their gun laws have been pretty successful in reducing mass murder incidents. The social safety net is much bigger than here, less wealth gap, less poverty...

https://t.co/zFgL9Ka495
https://t.co/tUdDsagE9H",0.15,1
58,Ilene3youtz,"@Ironyrulesall @atrupar Yes. So is greed, hate, blind followers, people with compromised pasts, and gun nuts.",-0.65,-1
59,David76583783,"American politicians refuse to regulate gun ownership

American politicians normalize hateful ideologies through legislation 

American media companies like Netflix platform racists and transphobes

American news media treats xenophobia, racism, and transphobia like ‚Äúopinions‚Äù",0.0,0
60,TheMiddleborne,Why is this relevant?,0.4,1
61,Hmiller1011,The senate just adjourned for Memorial Day recess. They‚Äôll be back to continue doing nothing to stop gun violence on June 6th.,0.0,0
62,nylerobin,"The Falkland Islands have almost as many guns per capita as America.

Why don‚Äôt they have any mass shootings?

It is not a gun problem.",0.5,1
63,Samseay34,"So try he leftist say more gun laws are needed, which I‚Äôm sure criminals Will obey  you know because they‚Äôre Criminals",0.31666666666666665,1
64,adreeennaaa,"@zerohedge ""good guy with a gun"" nowhere to be found in a state like Texas where they apparently exists everywhere",0.375,1
65,pattydenke,"Today, for the 2nd straight day, at the same time students at Oxford High School were staging a walkout in solidarity with #Uvalde and to protest the inexcusable inaction on gun violence, the Michigan Senate GOP adjourned before ‚ÄúStatements‚Äù to silence us.

They are cowards. üßµ",0.09,1
66,coolhat69,thinking about the gun control episode of bojack rn https://t.co/R9TltuDNBZ,0.0,0
67,am_escobar,To sum up: The GOP supports laws that force women to have children but refuses to support laws to save those children's lives from gun violence.,0.0,0
68,erikmray,Stop weaponizing mental illness to excuse inaction regarding common sense gun legislation.,-0.15,-1
69,885wfdd,Local activist calls for more resources for communities of color when it comes to gun violence https://t.co/QwXzek1lOM https://t.co/HqUDgHz0el,0.25,1
70,Hawkshot86,"@painandinsomnia @TheAKGuy I would also love that. He's quick to make political jabs when it suits him, but as soon as he's on the defensive he shuts down the conversation.
Pretty immature, almost forgot he is, at the end of the day, a gun manufacturer. He's the problem &amp; has zero interest in a solution.",0.18555555555555553,1
71,drogon_dracarys,Multiple countries have dramatically changed their gun laws after a horrific string of tragic gun violence,-0.5833333333333334,-1
72,FuckMuskratte,"@PDG887 @mattyglesias @rickperlstein I agree that they are wrong, but proving it is not that easy, you need e.g. a randomized controlled study. 
I‚Äôd also guess that republicans think that need to get rid of non-whites, not guns, to solve the gun violence problem.",-0.033333333333333326,-1
73,SharonW1104,BREAKING: Senate Republicans blocked a domestic terrorism bill that would have opened debate on gun measures after the deadly Texas school shooting. https://t.co/hMdW0iNItZ,-0.1,-1
74,aalleyne,"""If only there were some way the NRA, with its millions of dollars in membership donations and ties to¬†the vast majority of congressional Republicans, could influence America‚Äôs gun debate in a way that would make our children safer."" https://t.co/sqXbZbCQG9 via @msnbc",0.0,0
75,ls2000,Ted Cruz angrily quits interview after being confronted about gun control https://t.co/qr53aloRle,-0.5,-1
76,NanaLindaK,"OMG, YES!",0.0,0
77,ceez_the_great,Why do I think gun control could work? Because fuckin grenade control works.,0.0,0
78,mkolken,Biden cares so much about gun control that he left $80 billion in actual military grade weapons for the Taliban in Afghanistan.,0.025,1
79,zzzendica,this shit is cute i'm proud of the label,0.3666666666666667,1
80,GrowlinAtTheSun,"MY GOD, that video of the parents BEGGING police, you can still hear the fuqqing gun shots.

MY GOD I AM PISSED THE FUQQ OFF.",0.0,0
81,DolphinDemVoter,"oh... it appears that the gun manufacturer who made the AR-15 style assault rifle also offered its thoughts and prayers, pulled out of the NRA convention (where guns are not allowed), and went quiet on social media. 

https://t.co/sJhea8kO1t",0.016666666666666666,1
82,trailcrumbs,BREAKING: Senate Republicans blocked a domestic terrorism bill that would have opened debate on gun measures after the deadly Texas school shooting. https://t.co/hMdW0iNItZ,-0.1,-1
83,Mat_Brazers,"40% of Uvalde‚Äôs city budget goes to police. The school district had its own police force. This is what happened ‚¨áÔ∏è

After decades of mass shootings, there is still 0 evidence that police have the ability to stop them from happening. Gun safety and other policies can.",0.2375,1
84,susantweetsNY,"@SenSchumer Bring up dozens of STAND-ALONE BILLS on the floor to get every single Senator on the record and pass at least some of them. Act now.

- Universal background checks.
- Must be at least 21 to buy a gun.
- Ban extended clips/high-capacity magazines
- Ban bump stocks
etc. etc. https://t.co/s0ZzLHUUdV",-0.16785714285714287,-1
85,jiminfloss,"If the gun protectors in Congress are voted out, things may change. If they retain their seats, nothing will change.
Pretty simple.",0.125,1
86,cloudydays1971,Tried to visit the gun store that sold weapons to the Uvalde gunman. Was stopped in parking lot by management. It‚Äôs open but I‚Äôm not allowed in. Asked why‚Ä¶ ‚ÄúYou have a notepad‚Ä¶ and an accent.‚Äù,0.0,0
87,Grumpa1945,"The murder rate in Baltimore is 58.27 per 100,000.

Its the 11th most violent city in the world...and has VERY strict gun laws. https://t.co/nqOHI8sRnM",-0.03333333333333335,-1
88,_MyFriendCourt,"An unarmed parent would do anything for their child, including die‚Ä¶police‚Ä¶not their job, gotta follow protocol. Don‚Äôt you care about cops?! Like‚Ä¶I‚Äôm really convinced you‚Äôre mentally I‚Äôll and definitely don‚Äôt need guns if you‚Äôre trying to logically justify ANY of this still.",0.0875,1
89,starrifle,"@Public_Citizen @joebarton1238 Ted Cruz was the biggest recipient of money from gun rights backers with $311,151.",0.0,0
90,lilyannibobani,"We know common sense gun laws can‚Äôt and won‚Äôt prevent every tragedy. But we know they work and have a positive impact.

When we passed the assault weapons ban ‚Äî mass shootings went down.

When the law expired ‚Äî mass shootings tripled.",-0.0760942760942761,-1
91,ColonCancer8,"@FireStormFox1 @Ryu1303 @StephenKing Diversity is not exclusive to America. There are so many other developed diverse nations in the world that do not have this issue of mass shootings. Literally the ONE thing that can change that is a gun ban, like every other sensible country has. It is that simple.",0.06999999999999999,1
92,bc_nbc,After all the violence and death I think its time we do the only logical thing and implement gun policy based on the opinions of people who have never used or researched guns,0.125,1
93,BenBrisebois,I have way more of a problem with people carrying in public in urban centres than I do with private gun ownership generally,0.11000000000000001,1
94,JASH725,"@NobleParkRiot Not surprising. Ever since the republicans found it acceptable for children to die, any talk of gun legislation went out the window. They do not care. Nothing will come of this like nothing has come of any past mass shootings.",-0.3,-1
95,AnthropoceneM,"Breaking:

WASHINGTON (AP) -- Senate GOP blocks domestic terrorism bill that would have opened debate on gun measures after Texas school shooting.",0.0,0
96,PaulSibert,"@trvjiyo @WatchChad And again
https://t.co/e4YaatP6p5",0.0,0
97,DeadB0y,It‚Äôs crazy that Comedians are doing better jobs than some journalists.,-0.04999999999999999,-1
98,scarpenter1963,"Private gun owners:
Wouldn‚Äôt you be willing to give up your AR-15s if it would bring those 19 children back?",0.08333333333333333,1
99,Jennife58996304,"Listen, shitlibs, the only answer to a bad guy with a gun is a good guy with a gun* 

*unless, of course, the good guys with the guns just decide to hang out outside while the bad guy when the gun murders children",3.700743415417188e-17,1
100,Ted18641,"The 2nd Amdt allows reasonable gun safety regulation. It does not give anyone the right to carry assault rifles, purchase a gun without a violent criminal background check or carry guns into public schools or govt buildings. SCOTUS, led by Justice Scalia, was emphatic on this.",-0.11904761904761907,-1
101,Viror12,"VIDEO: Dora Mendoza, whose 10-year-old granddaughter was killed in the Robb Elementary School shooting in Uvalde, Texas, pleads with authorities to address the country's gun violence epidemic: ""Do something about it, I beg you"" https://t.co/tRp1iK3D3J",0.04999999999999999,1
102,DausyQ,"Jefferson students engage in a walk out to protest gun violence and demand action from Congress. ‚ÄúI should be writing my final ESSAY not my final WILL,‚Äù read a sign. https://t.co/VdcCxxW8Fu",0.03333333333333333,1
103,virgopixie,"europeans will prove time and time again that they have no empathy for serious issues within the U.S, such as gun violence. i promise you if we wanted to leave we would have... go fuck yourself",-0.24444444444444446,-1
104,lgcomin,Criminals love strict gun laws.,0.5,1
105,Lisatheeditor,@damon0708 @TomiLahren What the Senate will or will not do has no bearing whatsoever on the fact that we NEED gun control.,0.0,0
106,jazzalh,the time i went on a date with this guy &amp; he dropped his conceal &amp; carry gun on the floor as we were leaving the restaurant‚Ä¶,0.0,0
107,DBistoli,Ok. @Noahpinion Brought up a point that I‚Äôve been thinking about. Making laws for AR 15 even tho most gun deaths are handguns. We need to do this. I know it seems impossible. But this particular weapon holds a special danger. It is a weapon of terror and massacre.,0.0892857142857143,1
108,KarenDi95261360,@StephHoover8 When i was in high school we had loaded hunting rifles in the back glass and unlocked trucks..no guns stolen and no school shootings..Its not a gun problem the world has changed..,0.08,1
109,BLEEDlNGSUN,"Don‚Äôt be fooled, this person supported gun rights two days ago. Just because they‚Äôre willing to throw their homophobe friend under the bus doesn‚Äôt mean they‚Äôre not a bad person.",0.09583333333333331,1
110,AGAMEOFSSHADOWS,"Wait, you mean people are shooting people in ""gun-free"" zones? What, did they NOT see the signs posted?!",-0.390625,-1
111,NGrandpa69,"@CurtisHouck Were the kids in that school being invaded by another school, bombing their homes and killing their families?

Do you understand how incredibly fvcking STUPID you sound yet?

Crawl back into your gun cellar, moron.

Go away.

#GunControlNow #EnoughIsEnough https://t.co/9pXKTwrtq1",-0.059999999999999984,-1
112,Joel37143212,Conservatives saying banning guns won't stop gun violence but banning abortions will stop unwanted pregnancies is some spectacular Republican logic.,0.6,1
113,MarvinAlexis0,I‚Äôm a gun owner &amp; a big gun-rights advocate. I met @davidhogg111 this week. We had a great conversation. We disagree more than we agree. But I‚Äôll be marching with David &amp; everyone else on June 11th. Because we need to come together &amp; TRY to work together to fix this. Join us.üëá,0.43333333333333335,1
114,nielslesniewski,"In response to questions about why there's no interagency task force on gun violence, @PressSec says there's a ""whole of government approach"" led by Amb. Susan Rice.",0.2,1
115,Jennife13130751,Prime Minister @JustinTrudeau says in the coming weeks his government will take new steps on gun control in Canada. #cdnpoli,0.13636363636363635,1
116,crazynakedbaby,@MargeUlmer @jtlarsen WV voters don't want more  gun laws. If they did Manchin would be voting for them.,0.5,1
117,juniperjulip,"Bullshit.
Countries like Australia that have imposed strict gun control cut the instance of gun murders by 70%.",0.0,0
118,Analisa_Swan,It is utterly illogical and immoral that the Republican Party refuses to acknowledge the lessons of other countries who have successfully curbed gun violence. Common sense gun safety reforms work. All the evidence we need is in virtually every other developed nation in the world.,0.05000000000000001,1
119,SurferSolar,"@AimingHigher11 @RpsAgainstTrump @Berlidge They wouldn't even entertain a conversation. They just forcibly removed Beto from the event.

That just goes to show you the depths of denial Republicans will go to in protecting THEIR interests--the gun lobby &amp; industry. Are we tired enough? #VoteBlueToSaveOurKids #VoteBlue2022 https://t.co/ELiARzVDKZ",0.033333333333333326,1
120,Alargos63,"These kinds of mass shootings rarely happen anywhere else in the world.

Why are we willing to live with this carnage? Where in God's name is our backbone to have the courage to stand up to the gun lobby? 

It is time to turn this pain into action.",0.1965909090909091,1
121,mikhlin,Washington's Cascade Mountains are critical location in 'Top Gun: Maverick'  https://t.co/P1BW9jkxjM,0.25,1
122,RockitReports,"Momay--former mega star of Electric Blue--retakes the stage in what's now @XBangkok a bit gun shy, a but tentative, but still godlike in form #patpong #patpongnightlife #bangkoknightlife #bangkokseven #BKK7 #Bangkok #Thailand #Thaigirls #asiangirlsonly #gogobar #RedLightDistrict https://t.co/P8wPshjb60",-0.5,-1
123,BrittanyAmofah,"Before a consideration of disarming the police occurs, stronger gun control laws are needed. 

Not referring to the U.S; I'm speaking of gun control laws right here in Canada. This must be part of police reform conversations.",0.2857142857142857,1
124,HenryJGomez,"Interesting exchange in the briefing room, as @PressSec notes that Biden has experience with gun control, having been at Obama‚Äôs side during Newtown.

‚ÄúIsn‚Äôt that an indictment, not a plus?‚Äù @shearm asks, if Biden has been working on this so long with few results",0.08333333333333333,1
125,DerechinMatt,"@BillyCorben I understand nostalgia and that Top Gun has a recognizable name/brand, but I remember the first top gun as a dumb, pretty bad movie. Am I the only one?",0.08437500000000002,1
126,kataurama,"This is big news. Don't let Republicans say they are the party of law and order and national security. They blocked this because it would also go after white supremacists, who are part of their base.",-0.26666666666666666,-1
127,Uh_huh_honey,"#BREAKING: Police are searching the school, but the report of a person with a gun has not been confirmed, police spokesman Sgt. Enrique Carrillo said.

https://t.co/XSt5IwTPTa",0.4,1
128,MoralityPLS,"@jaketapper you always get ppl on that mislead or lie. did ur guest just say banning ar15s would be affective for this one but most mass shooters use handguns? Set us straight on that. a gunsafety specialist in the 1990s, left his gun ""hidden"" for his son to kill his best friend",0.30666666666666664,1
129,ritzyzoo,"Hey @tedcruz @SenTedCruz this is Jaime, my daughter who I visit at a cemetery.  On behalf of Jaime, shut the fuck up!!!  Stop telling people like me not to talk about gun violence.  This video makes clear what a low life jerk you are.  I AM NOT GOING AWAY TED UNTIL YOU ARE GONE! https://t.co/yV2EcoCtdj",-0.22708333333333333,-1
130,three1st_names,Will be fun to observe the 1:1 correspondence between people who insist business owners can‚Äôt require masks and those who say they can require notepadlessness or Texan accents.,0.3,1
131,D_HITCH,@SciRocker @IAmJohnAles Can‚Äôt buy a beer but can buy a machine gun.,0.0,0
132,jerseybigjim,@GOP üëáüèª@NRA üëáüèªGood guy with a gun?,0.0,0
133,tracyasnyder,".@TomCostelloNBC looks at other countries that responded to mass shootings with new gun laws.

His colleague @KeirSimmons says that kids in the U.K., including his own, ‚Äúdon‚Äôt worry about the dangers of going to school.‚Äù
https://t.co/6WslNujycH",0.20378787878787877,1
134,JOHNKOSMAC6,Can‚Äôt stop thinking of the poor families in Texas tonight. And the other 100+ families of those killed in gun violence since Friday. God Bless Them. ‚ô•Ô∏è,-0.2416666666666667,-1
135,JimAmerica4,"@MamaKay_G @Robb_Texan @Chaz11963 @LinaHidalgoTX Stricter gun laws do not make us safer. Ask the residents of Chicago, LA, New York, etc",0.13636363636363635,1
136,faithm40,"I‚Äôve seen a lot of childless people posting shit about ‚Äúarm our teachers‚Äù, I can‚Äôt imagine having a gun in the classroom with my autistic daughter along with all of the other disabled children in there. There‚Äôs so many backwards things about that theory.",-0.04500000000000002,-1
137,meehawl,"""Pretty striking how gun buying jumped sharply after a Black man was elected president."" https://t.co/0fzg1yK6tC",0.11458333333333334,1
138,StaySafeEvry1,"To get a wheelchair I need to get around and survive, I have to:

-Submit a report from a physical therapist
-Get approval from vendor
-Get approval from insurance
-Fight insurance denials
-Wait 6 months-1 year

America has makes it harder to get a wheelchair than a gun",-0.05,-1
139,giuseppe40oz,"@DadBluey Why automaton assume that someone is against gun reform and make such accusations? Even if somebody is against gun reform, which I‚Äôm not, that doesn‚Äôt mean they are for the murder of kids. It‚Äôs an stupid comment and a logical fallacy.",-0.21562499999999996,-1
140,BlondeFitz85,"We met with Senator Manchin‚Äôs staff last month and implored them to re-introduce the Manchin-Toomey bill. 

We were told they had multiple other priorities.",-0.041666666666666664,-1
141,realrkwest,"Every action the killer took, from buying the guns right up until he pulled the trigger, was completely legal. Existing laws do nothing to prevent these tragedies. The only way to prevent this from happening again are new laws specifically aimed at gun ownership.",0.14441558441558439,1
142,gul_maga,"@OANN We have to STOP gun violence. If we just look back only one month, we can see and realize gun violence. Lives are more important than the second amendment. I also understand that we have mental problems in society. Therefore, psychos should not have easy access to deadly weapons.",0.12916666666666668,1
143,brainvomit1313,"As a paramedic, I 100% endorse this thread.",0.0,0
144,just_juvy,Atp lock up both political parties and let‚Äôs start fresh‚Ä¶,0.0,0
145,stillost,"Bullshit.
Countries like Australia that have imposed strict gun control cut the instance of gun murders by 70%.",0.0,0
146,RobertC36441014,@benshapiro The best way to stop all the mayhem about gun violence is to do what they are doing with the Susanna trial. Shut everyone up including the head of the FBI.,1.0,1
147,Observa35589017,Hillary Clinton Rallies America To Change Gun Laws For Our Children https://t.co/o3yMMZra1y,0.0,0
148,ashtom876,"I recently met a woman who hunts dear with a bow and arrow. Now every time I hear the ‚ÄúI use guns for hunting‚Äù argument, I‚Äôm going to say ‚Äúoh you use a gun? I guess you aren‚Äôt as hard core as Jennifer‚Äù",-0.14583333333333334,-1
149,LizChan43643797,@me060943 @POTUS The problem you‚Äôd know it! Biggest gun problems are in Dem inner cities Eg Chicago where shootings are common place 800 killed last year in Chicago shootings! #Democrats never stop this! Instead they continue with soft on crime coddle the criminal policies while attacking law&gt;,-0.13333333333333333,-1
150,bobby_chapz,Let‚Äôs prove a point: retweet if you support background checks on all gun sales.,0.0,0
151,stacyleeme1994,"""I said, 'What on Earth are you talking about? They‚Äôve been in the Army for three months. They‚Äôve only held a gun once.'‚Äù

One Russian mother tells @BBCSteveR the remarkable story of how she saved her sons from the war in Ukraine. For @BBCNews at 10 (Camera/edit @LizaVereykina) https://t.co/bRTOJUAJhh",0.25,1
152,Michefielding,Every student at every school in America should walk out of class and refuse to go back until we have sensible gun laws. Fuck this shit.,-0.20000000000000004,-1
153,ciaraneng,@L3X1P @NivShechter @suhel @JoeBiden I think most reasonable gun owners would accept that.,0.35,1
154,MonkeySensei77,BREAKING: Republicans just blocked a bill that would have opened debate on gun reform measures and domestic terrorism prevention in the Senate.,0.0,0
155,CinnaStyr,"ME: (being eaten alive) HELP ME! I'M BEING EATEN BY A CROCODILE!

GUN EXPERT: Actually, that's an alligator.  

ME: FOR THE LOVE OF GOD JUST GET HELP. 

GUN EXPERT: ...You can tell by the rounded u-shaped snout.",-0.0234375,-1
156,StackhouseSarah,"Wait, so gun control laws aren‚Äôt going to help prevent shootings but laws against abortion are supposed to stop abortions?",0.0,0
157,enchantedharlot,"@ShortyTheCorgi @JoJoFromJerz I believe the saying goes ""The only thing that STOPS a bad guy with a gun is a good guy with a gun.""
Not ""Good guy with gun and body armor murdered in shootout."" 
No one is saying he's not a hero. Despite his heroic acts, the issue remains an armed guard couldn't stop it.",0.07000000000000002,1
158,Cgoinggal,The easiest way to protect school children from gun violence is to restrict access to guns. The safest way to protect children from gun violence is to restrict access to guns. The most COST EFFECTIVE way to protect children from gun violence is to RESTRICT ACCESS TO GUNS!,0.625,1
159,swartz_al,The classmates of the slaughtered Uvalde students are too young to be activists for gun safety. But you can be their activist. You can be their voice. It starts by registering to vote &amp; voting to protect the kids who are still with us. Will you do that? https://t.co/nNbabUFqUV,0.1,1
160,hedesfest,WHAT THE HELL,0.0,0
161,CCVesia,"The party of open borders, defunding the police, no cash bail, and releasing thousands of violent criminals early - want you to know they‚Äôre really concerned about gun crimes now.",-0.125,-1
162,DougWalsh72,"@LtheHeard @Whyknotpat1 @PrincessBravato @Gmanc95Castillo And no, the pro gun crowd does not ‚Äúoutnumber‚Äù us. That‚Äôs just ridiculous.",-0.3333333333333333,-1
163,longo213,the people most likely to say gun control can't fix a mental health issue are also the least likely to make mental health care easier to access for people who need it,4.625929269271485e-18,1
164,Thee_Instig8or,"@vanillatary @FionaSmall If you look how quickly other countries got new gun laws implemented, it‚Äôs no mystery that these laws don‚Äôt need to take a long time.",-0.012878787878787884,-1
165,belseykass3,ARE WE REALLY SURPRISED #RepublicansAreTheProblem #RepublicansHaveBloodOnTheirHands,0.1,1
166,hypocrisyplanet,A majority of gun deaths are via suicide. There‚Äôs a reason they don‚Äôt separate this and lump it all together as ‚Äúgun deaths.‚Äù Mental health crisis.,-0.1,-1
167,TADavis28966282,"This is ONE of the many reasons you shouldn't vote for the GQP
üëáüëá https://t.co/pUgbzsu5Do",0.5,1
168,Rights4Patients,"@leslibless Yes, there are gun shops online but you must pick it up at a qualified dealer.",0.0,0
169,annasbrew2015,"@patriottakes Hey, Republicans? THIS is what a mental illness that should preclude gun ownership looks like.",-0.1,-1
170,sayinthetruth_,Why are the GOP accepting all this political donations from the NRA? Is it a coincidence that republicans keep blocking gun safety measures? Are they paid off? You decide. Here is a list of rep and dems who received money. You decide https://t.co/yGgZkqPCpS,0.0,0
171,DeethaBug,Gun laws will never happen here in America stop pretending like y‚Äôall forget where we really are,0.2,1
172,CKPolitics23,"Fwiw, Manchin told me this quote just over a week after Parkland in 2018:

‚ÄúIt feels a little different. I‚Äôve got grandchildren also in the school systems, and I understand the concerns that every parent and grandparent has.‚Äù",-0.09375,-1
173,cd2action,The only thing that can stop a bad guy with a gun is a good guys voting every NRA backed politician the hell out in November.,3.700743415417188e-17,1
174,stevene13337376,This is amazing. The kids are leading‚Ä¶,0.6000000000000001,1
175,PaHouseDems,"Via @MikeGorsegner at @CBS21NEWS -- Republicans vote down gun safety bills again 

https://t.co/h4KhieNchB",-0.15555555555555559,-1
176,Edg808080,@JavierV53969124 @Caryn60443151 @DonaldJTrumpJr And if he didn‚Äôt have that AR they would still be scrubbing his brains off the street. Cause the lunatic with the hand gun was about to blow his brains out. Self defense. That‚Äôs why no charges.,0.0,0
177,TheRealBruce87,"Restricting gun rights is not the answer.

Look at Chicago.",0.0,0
178,SleeplessInSCal,"Dear CEOS of gun manufacturers, please stop making and selling AR-15s. Just do the right thing.",0.2857142857142857,1
179,ArtKigen,"Wait, so gun control laws aren‚Äôt going to help prevent shootings but laws against abortion are supposed to stop abortions?",0.0,0
180,1776READY,"@hodgetwins You cannot equate killing a defenseless child to having a weapon to protect life and family. 
Pro-choice means you agree with murdering the most innocent.
Why can we not agree criminals don't follow your gun laws.",0.19999999999999998,1
181,bigdaddybowwow1,"@KaciStahl @Carefulcow @ronancomics @LordBWithMe @AOC If you don‚Äôt want a gun, don‚Äôt buy one, but don‚Äôt force your beliefs on other people.
Gun rights r outlined within the United States Constitution. It is a Constitutionally protected God-given right. Abortion is no where 2 b found in the Constitution. It‚Äôs a political tool (Cont)",0.05357142857142857,1
182,justcurious1313,"Wow. Wow. Wow. This opener by Jimmy Kimmel is a gut punch. He's crying, he's raging and he's saying ""let's make sure that not one of these [pro-gun] politicians holds office ever again.""",0.12000000000000002,1
183,ardbeglily1960,"The problem with calls from Democrats to enact ""common sense"" gun control laws - is their party has no ""common"" sense. 

For instance: 

They let criminals loose - in the name of ""bail reform"" including those who used guns.",-0.07564102564102564,-1
184,Donteisdashing,"RIP Ray Liotta, I‚Äôm still waiting to find that one special woman that I love so much I beat the shit out of her creepy neighbor with the butt of my gun and ask her to hold it for me in a gesture that would bond us romantically and signal her implicit approval of my life of crime",0.07142857142857144,1
185,ACABryce,Read the replies,0.0,0
186,PandamanimalJr,"Actually, there is something we can do. Every person who works in a school building should stop coming to work. Every single one. All across the country. Stall the economy and demand sensible gun laws. Until they pass, we don't work.",-0.03571428571428571,-1
187,DavidUNnaji,"Just in case you dey prepare to carry Cutlass, bottle or gun for the coming election because of 5k/rice... with tears for my eyes I say make I use this pictures change your mind ü•∫ü§ß

 NNPP congratulations sir https://t.co/aVrCtPan5g",0.0,0
188,QuanKimberly,"We have to agree to never publicize the names of school shooters and other publicity-seeking mass murderers. This is not a gun or even a ""mental health"" issue. It's an issue of malevolent narcissists weaponizing mass media. Stop publishing their names and the problem will end.",-0.3416666666666666,-1
189,tallbigguyNJ,"Breaking:

WASHINGTON (AP) -- Senate GOP blocks domestic terrorism bill that would have opened debate on gun measures after Texas school shooting.",0.0,0
190,KrisykaB,Francis O'Rorke has always been anti-gun.  He promised to take people's AR-15s during his short and misguided presidential campaign.  He sees this tragedy as a way to springboard into the governor's office.  What he doesn't know is that Texans are way smarter than him.,0.0,0
191,gvthillo,This cause is close to my heart - please sign: https://t.co/IS6qZEMEVD,0.0,0
192,cakelly50,"Youth gun deaths in Texas doubled under Greg Abbott.

Abbott's answer: more guns.

Vote him the hell out. He doesn't give a shit.
 
 #GregAbbottHasBloodOnHisHands  #AbbottCruzMassacre #TexasSchoolMassacre https://t.co/GTHX9qJjMz",0.15,1
193,JadesNotMyName,"@MeidasTouch We are a great country, but we can do better. I‚Äôm so angry at Republicans for refusing to even start the conversation about passing sensible gun laws. The days of partisan politics have to end now, or we won‚Äôt survive much longer as a nation.",0.25,1
194,waitnwallflower,"The GQP is a death cult. If they were really pro-life, they'd do something to end the carnage. Apparently they only care about the domestic stock of adoptable newborns they can sell through their own adoption services &amp; line their pockets by human trafficking 
#OurBlueVoice",0.14166666666666666,1
195,ralph_erdman,I will be demonstrating June 11 in Parkland. There are many sites with demonstrations on that date. March For Our Lives against the epidemic of gun violence. Congress must hear us.,0.5,1
196,m_dicey,"I want you to remember a number: $442,333.

It‚Äôs the amount of money that Ted Cruz has received from the gun lobbyists including the NRA.

That‚Äôs the price for his silence and deflection. The real cost is our lives and the lives of our children.",0.2,1
197,ihamza1435,‚Äúgood guy‚Äù with gun stands there and does nothing during mass shooting of 10-year-olds,0.7,1
198,agmarieee,"Japan's process for buying a gun requires an interview with the police about why you need a gun, a psych evaluation, 3 different permits and a background check that includes interviews of family and neighbors.",0.0,0
199,lynne_kern,We have to make it harder to be a gun owner and easier to be a 4th grader.,-0.1,-1
200,Norm_berry,#BREAKING Students at Oxford High school are walking out in protest over a lack of gun control laws and to show support for the victims in Texas. @WWJ950 @FOX2News #Oxford #Uvalde #GunControlNow #GunControl https://t.co/3PM2RW3H4e,0.16,1
201,mchalfant16,"Interesting exchange in the briefing room, as @PressSec notes that Biden has experience with gun control, having been at Obama‚Äôs side during Newtown.

‚ÄúIsn‚Äôt that an indictment, not a plus?‚Äù @shearm asks, if Biden has been working on this so long with few results",0.08333333333333333,1
202,TheCuriousG,"Props to the performers who have dropped out of the 
@NRA convention. Even as advocates for gun ownership, some say #EnoughIsEnough.
#thatsaplacetostart",0.0,0
203,6to12elbow,@NMishanec @houmayor Theirs gets to be a gun-free zone though. I hate it here.,-0.8,-1
204,rlonghurst1,"@EliseStefanik While you‚Äôre at it, how about gun industry accountability? How many babies have they killed?",0.15,1
205,LifeNLasVegas,"@h3h3productions It's not the rifle. It's the person. This is a mental health issue, not a gun issue.",-0.1,-1
206,Cransto35116934,"@WalshFreedom What happened to all the ""good guys"" with a gun to thwart ""bad guys"" with a gun??? Didn't work so well did it in real life? Just like all of the foolish theories about how the ""the problem isn't guns...""  Same BS.",0.05000000000000003,1
207,BeantownBop,"Every gun that is made, every warship launched, every rocket fired signifies, in the final sense, a theft from those who hunger and are not fed, those who are cold and are not clothed.

--Dwight D. Eisenhower, 1953",-0.3,-1
208,JusPlainTalk101,Senate GOP failed America by choosing guns over lives.,-0.5,-1
209,Irv1906,@Timodc Here comes the militarization of schools. AI hidden auto guns and RoboCops walking inside &amp; outside the fences‚Ä¶all because we refuse to fix this with tough gun background checks &amp; other sound legislation.,-0.05611111111111111,-1
210,Mellowcoconut10,"congratulations America, I didn‚Äôt think you could outdo yourself but ‚Äúcops threatening to stun gun Latino parents as their little kids were murdered‚Äù is a new zenith in Bipartisan National Death Drive",-0.025568181818181823,-1
211,AdrianaCothran,Uvalde Shooter Fired Gun For 12 Minutes Outside School Before Entering https://t.co/lWoc0wAkmw,0.0,0
212,MrsLGD,"BREAKING: Senate Republicans just blocked the Domestic Terrorism Prevention Act, which would have opened debate on gun reform measures.",0.0,0
213,DonnaleeMystuff,"Cruz is a frelling backwoods, soulless piece of gator poop.",0.0,0
214,QCDrifter,"If the gun protectors in Congress are voted out, things may change. If they retain their seats, nothing will change.
Pretty simple.",0.125,1
215,KenNoyesToo,"@kylegriffin1 The Texas Shooting was a FBI operation the same as the Supreme Court leak to bring Abortion &amp; Gun Control to the forefront before the midterm election. The democrats would destroy our institutions or children to maintain power, they are that evil.",-0.39999999999999997,-1
216,musicislife7621,Says the Attorney General whose Department of Justice and ATF purposely sent thousands of ‚Äúassault weapons‚Äù to Mexican cartels who used them to murder thousands.,0.02500000000000001,1
217,jan0sfs,"Johns Hopkins says that gun violence is a ""Public Health Issue.""  So if the WHO takes over ""Public Health"" this could mean that it's not a Constitutional Right to have a firearm.  You see where this is heading, don't you?",-0.006696428571428575,-1
218,Peterlag2,"The party of open borders, defunding the police, no cash bail, and releasing thousands of violent criminals early - want you to know they‚Äôre really concerned about gun crimes now.",-0.125,-1
219,MikeEvery78,"@MsDrifyourNasty @JillyMQ @adamcbest And I can compare it to a body... I have had a gun pointed at me by some crazy guy, luckily I was able to drive off. I've had a knife held to my throat by someone that I thought was a friend, I've had a hammer held to my temple when I 12 because kids want my raiders hat.",0.07777777777777778,1
220,lone_slayer,"Can we not shame a man that *just* lost his kid?

Especially seeing the reason is he thinks it's justified to defend yourself from an angry mob?

Can we please not be this fucking heartless?",-0.175,-1
221,schfinkes,"Ted Cruz walking out of this Sky News interview is the fucking Republican Playbook! Make the important topic being discussed about another topic and get angry and walk away. Ted needs to keep his A+ NRA rating.. and he's got important books to ban!

#AbbottCruzMassacre #Cowards",-0.0875,-1
222,dallascoots22,"2-day Twitter outrage doesn‚Äôt cut it. When you step into the voting booth this fall, VOTE GUN CONTROL.",0.0,0
223,GrayTalentGroup,"Highway to the Danger Zone! The wait is over and you can finally catch our Stephanie Andres Barron in Top Gun: Maverick in theaters this week! 
#TopGun #TopGunMaverick https://t.co/FBo6Wd4Ebm",0.3125,1
224,TammieT18,"I've never been more furious.

Now, I just need about 100 million voters as pissed-off as I am and we can save this nation from the wall-builders, gun-lovers, and woman-haters.

Are you there?",0.5,1
225,realdealhom10,Top Gun Maverick tmr is going to be so epic. Can't wait! https://t.co/yfzLnEQUNO,0.3125,1
226,akhilnayak007,"@DaveLeeFT Shooter bought 2 AR15s day after turned 18, hundreds rounds ammunition, military grade tactical protective gear. And the gun dealer didn't bother to alert local police, just pocketed the money and went home.",-0.05,-1
227,notkeykku,"Breaking:

WASHINGTON (AP) -- Senate GOP blocks domestic terrorism bill that would have opened debate on gun measures after Texas school shooting.",0.0,0
228,champagneevane,Why do I think gun control could work? Because fuckin grenade control works.,0.0,0
229,LandesOne,"Screw gun control. 

No life and liberty loving American is going to surrender their right to self-defense in this toxic, tyrannical political environment. 

You'd have to be a fool or a Democrat voter to do so. https://t.co/02PNAgmIny",0.22142857142857142,1
230,oepepper,@1termDesantis @Iweyer2 @sandibachom Even law enforcement officers are aware of how dangerous these weapons are and how deadly. They know in their hearts no one should have these damn things but they support the gun nuts anyway. I don't get it.,-0.18333333333333335,-1
231,CoolJewel_5,"@VickiTidwell4 @TomiLahren And you lefties fail to realize one thing‚Ä¶ every time you cry ‚Äúgun control‚Äù, gun sales skyrocket!! EVERY TIME! I know because I buy myself a new gun and ammo every time I hear a threat to my constitutional right to bear arms. And I‚Äôve yet to kill anyone.",-0.18482819264069264,-1
232,danmorris63,"A National Rifle Association gun law event billed as the 'largest gathering of Second Amendment attorneys in the country' is scheduled to take place Friday in Houston, four days after a mass shooting at an elementary school in Uvalde, Texas https://t.co/zFFTX6QG15 1/8",0.15,1
233,Sandraljones9,"We all know teachers don't get paid half of what they are worth, so let's arm them, and give them the added responsibility of having to shoot it out with some asshole that has a machine gun and body armor??",0.06666666666666667,1
234,dbble5,"The American people have had enough. Don‚Äôt compromise. Don‚Äôt move on or back down. Make them vote on reasonable gun measures. Let them hear from their constituents. If they vote against, let them hear from the voters. Take sane gun policy and reproductive rights to the midterms.",0.008888888888888885,1
235,MorganAngelo176,"@PilotAlto @TRHLofficial and if anyone dare to substitute voting right as in gun ownership, they would be stoned to death while the mob chant facists. 

I do agree education is a way to improve general public's intelligence, unfortunately education aren't doing much good for some folks out there irl.",0.10714285714285714,1
236,ChristinaLesyk,"Ted Cruz walking out of this Sky News interview is the fucking Republican Playbook! Make the important topic being discussed about another topic and get angry and walk away. Ted needs to keep his A+ NRA rating.. and he's got important books to ban!

#AbbottCruzMassacre #Cowards",-0.0875,-1
237,normalameriguy,There's no compromise to be had on gun laws that will prevent a troubled 18 year old with no record from buying a semi-automatic firearm.,-0.2,-1
238,DutchiesDevil,"Whenever you hear pro-child killing machine republicans talk about how ‚Äúmental health‚Äù is the problem, remind them that one of the first laws trump signed when he took office made it easier for people with mental health issues to buy a gun

 #AbbottCruzMassacre",0.016666666666666663,1
239,slayer12777,Hence the gun grab distraction,0.0,0
240,seeaychwyenenay,"a list of people who will be disarmed/targeted by gun control:

- yo Black ass
- my Black ass
- poor people
- revolutionaries
- Black &amp; Brown folks
- anti-imperialists",-0.225,-1
241,OGNurseRatchet,#NRAWhoresNotDoors are the problem.,0.0,0
242,notpettyheaux,"op wasn't saying he deserved to lose his little girl (and the ones that are saying that are fucking freaks), they were pointing out that gun violence is something a lot of people are unsympathetic about til it affects them personally, like antivaxxers losing a loved one to covid",-0.021875000000000006,-1
243,fabfashionista8,@BillPascrell When is the Senate voting on gun control. When is Congress voting on gun control? How many Democrats in Washington DC oppose gun control? Who are they? Why won't Schumer allow a vote on gun control?,0.5,1
244,LouHarry,"Wow. The PA announcer at the Heat-Celtics game, after the obligatory moment of silence for the shooting victims, urged people to call Congress and demand common sense gun legislation. Crowd roared in approval. Thanks @NBA.",-0.10000000000000002,-1
245,wavvyraay,"listen, there are responsible gun owners who just enjoying hunting and I want to make it clear that I don‚Äôt care at all and they can find literally any other hobby",0.16874999999999998,1
246,SqueezerusTV,Ah nuts https://t.co/pRgsyYGrH2,0.0,0
247,jengrimes8,The definition of insanity is doing the same thing over and over and getting the same results. These people in office keep doing the same thing over again and they keep expecting different results but they cont. getting the same results. Maybe they should try something different,0.0,0
248,SouthpawSBagger,"@spacedrivefilms @blind_mowing @UPP_Polls Do you know why? 
I can go to Wisconsin, Indiana and Iowa and purchase a gun in 30 minutes. That is why marijuana sales a through the roof..they come here and take it back to their state.

Look at Hawaii. Strict guns laws...can't bring guns in there...gun violence lowest in US.",0.0,0
249,DynoSauR4Truth,Criminals love strict gun laws.,0.5,1
250,jegregg99,"I want you to remember a number: $442,333.

It‚Äôs the amount of money that Ted Cruz has received from the gun lobbyists including the NRA.

That‚Äôs the price for his silence and deflection. The real cost is our lives and the lives of our children.",0.2,1
251,DEAdkins3,"mid-Missouri friends: Join us in Jeff City for this Candlelight Vigil; I'll be there on behalf of @MomsDemand. We won't accept a country where gunfire can ring out at any moment. We honor the victims with our action, standing against hate and gun violence: https://t.co/IzatP52MR7 https://t.co/LfTyRMoQeo",-0.35000000000000003,-1
252,Truth_Hz_Donut,@benshapiro Buildings have to have more than 1 entrance in order to avoid tragedies like the triangle factory fire.  It is a boneheaded idea for a school.  We are the only country where this happens because our gun laws are terribly irresponsible.,-0.16666666666666666,-1
253,Daddystix1,"@TheBrandonMorse @BetoORourke Even before I reviewed your background I was able to clearly ID you as a GOP mindless venom spewed cockroach ü™≥. Tell me something, if you had a child murdered because your country lacked the intellect to create common sense gun control, would you be so bold in your commentary?",0.08666666666666666,1
254,Ahbseen56,"MY GOD, that video of the parents BEGGING police, you can still hear the fuqqing gun shots.

MY GOD I AM PISSED THE FUQQ OFF.",0.0,0
255,dannielled1500,HAPPENING NOW: Students at Whitefish Bay High School are participating in a walkout protesting gun violence in schools. @CBS58 https://t.co/HaeOldRQCC,0.16,1
256,DianaBo89025068,THIS!,0.0,0
257,tortoise234,"@AaronBlakeLail @Randy_Galloway @ktfuntweets So I could have a nuclear missile as an ""arm"", or bring a gun to the airport?",0.0,0
258,PaHouseDems,"Democrats call for action to prevent school shootings. 

Republicans say words, and vote down any gun safety laws. 

https://t.co/6Q1vGV5qBW",-0.02777777777777779,-1
259,EddieProChoice1,@jaketapper States with tough gun control laws have half the deaths of states that have lenient gun laws. Also it is ridiculous for Governor Abbott to refer to gun deaths in Chicago and other places when Indiana is nearby and has lax gun laws https://t.co/5sFtS29teb,-0.10277777777777777,-1
260,USminofpeace,@LilAyrc @RyanTwittwem @valerielouredaa This is literally the shit we have to contend with every fucking day when Mongoloids like you that don‚Äôt know a fucking thing want to open your mouth about gun laws. Take the average person and try to make any of this shit makes sense to them.,-0.29166666666666663,-1
261,LynnBle10837201,BREAKING: Republicans just blocked a bill that would have opened debate on gun reform measures and domestic terrorism prevention in the Senate.,0.0,0
262,otdderamin,Ten days ago it took the Senate less than an hour to unanimously pass a bill extending security protection to the family members of Supreme Court justices from protesters with cardboard signs,-0.08333333333333333,-1
263,RP72880,Sad. The NRA and responsible gun owners had nothing to do with Uvalde.,-0.15,-1
264,Jyor_305,Ted Cruz wants door control. Democrats want gun control. Vote accordingly.,0.2,1
265,time_sensative,"@JohnCornyn @WSJopinion What are ""cultural guardrails"", because the only thing mentioned were ""churches and other social clubs""?  Though there are a ton of churches that scream from the pulpit about ""enemies"" and they have gun blessing ceremonies so...",0.0020833333333333346,1
266,LeMeph,"@redcommander27 @NuanceBro "" straw purchased, stolen or resold from other states."" - Those are illegal/black market methods that not every person has. It is estimated that about 80% of gun crimes are committed by people who own or obtained the firearm illegally.",-0.00833333333333334,-1
267,JFein13,"If the gun protectors in Congress are voted out, things may change. If they retain their seats, nothing will change.
Pretty simple.",0.125,1
268,JDub9911,"BREAKING: Senate Republicans just blocked the Domestic Terrorism Prevention Act, which would have opened debate on gun reform measures.",0.0,0
269,kkadafi191,"If America wasn't willing to challenge the gun lobby after white kids were killed at Sandy Hook and rich kids were killed at Parkland, what makes you think anything will change after Black grandparents are killed in Buffalo and Latin children are killed in Texas?",-0.042708333333333334,-1
270,N0trealnow,@leslibless I didn‚Äôt even know you could finance a gun‚Ä¶ learned something new right there.,0.21103896103896103,1
271,wendy_dorian,You know why the GOP is resorting to blaming doors? They‚Äôre cornered and scrambling for a message after all of their talking points were destroyed. ‚ÄúGood guy with a gun‚Äù narrative collapsed. ‚ÄúWe need more police‚Äù narrative collapsed. There is no way around it. This is about guns.,0.6,1
272,Zinnia1111,@KM_PGH @Dave26617230 @DavidLat There‚Äôs literally nothing well regulated about our gun ownership üòπ,0.0,0
273,Adlamassoud,"""Why only in America?""

US Senator Ted Cruz walks away from @Stone_SkyNews after being asked if ""this is the moment to reform gun laws"" 

https://t.co/d2oBaP4KvW

#TedCruz #America #Texasshooting #gunlaws https://t.co/gL4TYeg04t",0.0,0
274,jmsirianni,"BREAKING: Senate Republicans just blocked the Domestic Terrorism Prevention Act, which would have opened debate on gun reform measures.",0.0,0
275,N_J_Rose,"https://t.co/p3zU6Fr45m

He fought with his grandma over who would pay the cell phone bill then shot her in the face with one of his two $2500+ rifles with optics. ""Nothing to see here...now go argue amongst your friends about gun control while we disarm you"" - US Gov't",0.0,0
276,ZalmanGelbman,"Interesting exchange in the briefing room, as @PressSec notes that Biden has experience with gun control, having been at Obama‚Äôs side during Newtown.

‚ÄúIsn‚Äôt that an indictment, not a plus?‚Äù @shearm asks, if Biden has been working on this so long with few results",0.08333333333333333,1
277,groove2theblues,"In the words of Emma, ""We call BS""",0.0,0
278,VickieW47132882,"Students across the country are participating in walkouts protesting gun violence in schools.

Keep using your voice. We must demand action.",0.1,1
279,Michael73612394,"The shooting at Oxford happened SIX MONTHS ago. The GOP has blocked every single bill we‚Äôve put up to address gun violence.

Kids are demanding that the adults DO THEIR JOBS. Inaction is a choice. A deadly, horrific, callous choice.",-0.5357142857142857,-1
280,cowboyisdeaf,"@NBCNews Vehicle &amp; Guns KILLs people
Congress force vehicle manufacturer to put in safety issue in vehicle but never have force gun manufacturer to do the same-only to try take away the guns-the technology is there.
https://t.co/6Ch0hxmJaY (https://t.co/nVlBoAQOh7)",0.0,0
281,LuluDezzy,"Bullshit.
Countries like Australia that have imposed strict gun control cut the instance of gun murders by 70%.",0.0,0
282,coeurdelion80,"@PaulStanleyLive I mean, if we can (and do) prevent gun violence in courthouses and airports, why won't we do the same for schools?! #simple",-0.10416666666666667,-1
283,libProject,"I‚Äôve posted bad takes I know what a bad take looks like. This is truly the worst I‚Äôve seen from a prominent ‚Äúworld leader.‚Äù He shoves aside dead children to celebrate an armed robber who put a gun on a pregnant woman‚Äôs body, and then does anti-police agitprop. There‚Äôs no bottom.",-0.2944444444444444,-1
284,iCobalt1,Shorter: your rights were violated in the past for a multitude of reasons. Why are you making such a big deal about it now? -NYCVaJayJay,-0.08333333333333333,-1
285,hobbitmuse,"The community people... parents, and students in the Uvalde school community are 80% Hispanic, and most police, too.  Why does the unscientific idea of ""race"" or skin color factor into any of this?  It is A HORRIBLE TRAGEDY.  Damn weak gun control laws are to blame.",-0.2916666666666667,-1
286,Mearcwine,"Oxford High School's students are showing more courage right now than many of my colleagues in the U.S. Senate and the Republicans in the Michigan Senate, who just blocked debate on safe gun storage bills yesterday. 1/10",0.3891428571428571,1
287,Geo45,"Toronto police chief says suspect who reportedly had a gun has died, Reuters reports.  #CGTNAmerica",0.0,0
288,JonathanEilbeck,"The US gun debate is, to outsiders, baffling. The correct response seems obvious. And yet the obvious doesn't happen.

It's, to mix news stories, not dissimilar to the Johnson situation. It's obvious what Tory MPs should do to try to regain trust. And yet they do not. 1/3",0.0,0
289,Mediadisdat,"Literally, never stop retweeting this.",0.0,0
290,mitchellpardo,"@HollowGamingAlt @ashley____s @adamcbest Make no mistake, history can repeat itself. Every government that has ever committed genocide started with gun restrictions and gun bans. Nothing new under the sun. That being said, I definitely believe there are things we can do to make it more difficult for someone to buy an AR",0.03409090909090909,1
291,GiGi29974313,".@ChuckGrassley and @SenJoniErnst have a choice to make ‚Äì do they stand with the gun lobby, or with our nation‚Äôs children?",0.0,0
292,plinss,Pretty striking how gun buying jumped sharply after a Black man was elected president. https://t.co/ndwI0Mxk6I,0.11458333333333334,1
293,destinyt444,"Please help me create a list of Latinx/o/e, bilingual &amp; Spanish-speaking journalists covering the Uvalde massacre and the gun control debate so we amplify their work. So important to have the cultural fluency and language fluency to cover this horror with empathy and care.",0.25,1
294,ashleyshreve0,"Wait, so gun control laws aren‚Äôt going to help prevent shootings but laws against abortion are supposed to stop abortions?",0.0,0
295,progavalanche,"@WillRollinsCA is running in the new #CA41

‚ÄúWhen I am in Congress, I will accept nothing less than long-lasting gun safety reforms that American families demand and deserve.‚Äù
-Will Rollins
Ken Calvert is taking NRA money, he is their stooge.
#LiveBlue2022
#DemVoice1 
#Fam46 https://t.co/sLK3aABAYL",-0.010101010101010102,-1
296,lacampbell099,"Hunter Biden lied on a Form 4473 to illegally purchase a gun, a felony punishable by up to 10 years in prison &amp; a $250K fine. His girlfriend then dumped that gun in the trash next to a school. He wasn‚Äôt even arrested. Why don‚Äôt we enforce existing laws before demanding new ones? https://t.co/viTOoAsvrH",0.01325757575757576,1
297,JDPeace22,"Abortion - Not in the Constitution, but Democrats think it is.

Gun rights - In the Constitution but Democrats think it is not.",0.0,0
298,benson_mp8282,@patricklee6669 @DragonWriter04 @elletheridge @melindadenson1 @cliffschecter Not sure what that is.  What happened to talking about sensible gun laws?,-0.25,-1
299,CassieBrockway,How is this possible?? Massive failure by law enforcement.,-0.10555555555555557,-1
300,marguerr01,"Gun homicide rates by country‚Ä¶.

https://t.co/ub33DTkSnN https://t.co/TJ2Ey4KFH5",0.0,0
301,apkgilmour,@ViewerOther @Sarabeth607 @LakotaMan1 My whole family hunts without that type of rifle. If they need that type of gun they should just stay home.,0.2,1
302,watt_cyrus,"Reply with a ""YES"" if you're part of the 88% of Americans who strongly support requiring background checks on all gun sales.",0.4333333333333333,1
303,PLMilliron,@SCBMX @DailyCaller @my I don‚Äôt know of ANY gun owner who consistently complied with gun laws. They all believe they can pick and choose whatever laws and regulations they believe are correct. And ignore the others.,0.25,1
304,brimtzii,"Japan's process for buying a gun requires an interview with the police about why you need a gun, a psych evaluation, 3 different permits and a background check that includes interviews of family and neighbors.",0.0,0
305,JackRayher,"Utter madness: As nation reels from Uvalde massacre, Supreme Court is expected to expand gun rights https://t.co/PwOps4loj9 via @YahooNews",-0.05,-1
306,TangleBritches,I‚Äôve been following this policy for a decade. So has @andersoncooper. @benshapiro &amp; @realDailyWire same. Read Gavin DeBecker etc. for rationale. I wish the rest of the media would help.,0.0,0
307,ZombiAssassin,Not the safest country on earth if this situation can happen so easily...,0.43333333333333335,1
308,QasimRashid,"As you hear GOP block gun laws by blaming Chicago, remember:
‚Ä¢8 of top 10 deadliest cities in America for gun violence are in red states with weak gun laws
‚Ä¢Chicago ranks way down at #28
‚Ä¢Gun violence prevention requires *federal* laws‚Äîwhich GOP blocks
https://t.co/fvtw2zNeru",-0.0076388888888888964,-1
309,FreeJeremyNet,"We are tired of the cycle of violence, punishment and more violence.

More than 65 community organizations came together this week to demand that Mayor Lightfoot invests in addressing root causes of harm in our communities.

Read our joint letter here: https://t.co/sbnuGW1HoQ",0.19999999999999998,1
310,ParkerSandi,Every student at every school in America should walk out of class and refuse to go back until we have sensible gun laws. Fuck this shit.,-0.20000000000000004,-1
311,VDejan0000,When you‚Äôre too dumb to make a point but think you‚Äôre a genius. üòÇ,-0.375,-1
312,Adamant72855850,"Yet...as I noted yesterday...

Libs PRIMARY RESPONSE is to blame the GOP for this...when they are LITERALLY THE ONES IN CHARGE of the cities choking under gun violence. 

https://t.co/I9r1cu82ig",0.4,1
313,LoveOrchid12,Where TF are the church 'leaders'? Why aren't clergy doing everything they can to stop this gun culture?,0.0,0
314,LennyChevere,It‚Äôs infuriating to hear that the Texas cops spent more time and effort shoving and threatening to arrest parents who were trying to rescue their children than the cops spent confronting the Gun Nut who was slaughtering those children. #AbbottCruzMassacre,-0.06999999999999999,-1
315,ilydystint,"@jaamxs @nashaltt @uzifx_ @taschalt_ @nashedp0tat0ess America has 1.5% of the shootings worldwide, and has 5% of the population. We definitely do not have the highest shooting rate. And the reason schools are targeted is because of the fact that they are a no gun zone meaning that they are extremely vulnerable.",-0.25,-1
316,nickexperience,"Fwiw, Manchin told me this quote just over a week after Parkland in 2018:

‚ÄúIt feels a little different. I‚Äôve got grandchildren also in the school systems, and I understand the concerns that every parent and grandparent has.‚Äù",-0.09375,-1
317,wishywoshua,"the only things they should take from Shadow 2005:
1. Shadow should use a gun at least once
2. Shadow should ride a motorcycle
3. Shadow should say ""damn"" and ""hell""

everything else should be Sonic Adventure 2: The Movie",-0.15,-1
318,Jennife58996304,"@Angry_Staffer Good Guy With A Gun Doesn't Stop Bad Guy With A Gun because He's too busy using his taser to stop parents desperate to save their own children.

Sick. https://t.co/dsUTGenKE0",-0.10238095238095236,-1
319,EclecticRadical,@EclecticRadical The good guy with a gun almost never happens.,0.7,1
320,pieslinger72,@atrupar Almost a third of adult Americans don't even own one gun.,0.2333333333333333,1
321,Jasmine9408,"Every reporter needs to ask these questions, and pursue these follow ups, with every pro-gun politician we have.",0.0,0
322,Calrtipper,There are walkouts in high schools across the entire United States today as kids demand action on gun violence. The whole world is watching as Republicans fight tooth and nail to maintain the status quo and allow these shootings to continue unabated.,0.115,1
323,camhardy513,2 teenagers shot near the Avondale Town Center. We have to address the gun violence in our city.,0.0,0
324,adorno1014,"BREAKING: Senate Republicans just blocked the Domestic Terrorism Prevention Act, which would have opened debate on gun reform measures.",0.0,0
325,DjKiss65,Why is wrong with these people?!!!!!,-1.0,-1
326,lynalsadi,"BREAKING: After Republican Gov. Greg Abbott's goons eject Beto O'Rourke from a press conference for interrupting to demand he pass new gun laws Beto plants himself outside and continues to speak, calling for red flag laws, safe storage laws, and banning AR15s. RT TO THANK BETO!",0.1903409090909091,1
327,pattydenke,"For the 2nd day in a row, Senate GOP adjourned without giving my colleagues &amp; me an opportunity to speak on gun violence &amp; the 2nd anniversary of George Floyd's murder 

Are we a representative democracy?? Do GOP colleagues not want to hear about issues Michiganders care about?üßµ",0.0,0
328,Hoozlers,Breakthrough News: United States of Gun Violence https://t.co/u1zFf9QqGs via @YouTube,0.0,0
329,XRPWealthy1,"Our nation needs to take a serious look at the state of mental health today.

Sometimes meds can be the problem.

America is failing our youngest generations from decades of rejecting good moral values and  teachings.

We don‚Äôt need more gun control.

We need to return to God.",0.15333333333333332,1
330,kirbyallen00,"‚ÄúI do believe that the skills that make moms good activists also makes them good lawmakers,‚Äù - @shannonrwatts, @MomsDemand founder and Emerge Advisory Board member üëèüëè
https://t.co/r1WDlHt8mz",0.7,1
331,TWLadyGrey,@karennashleyy @foothands Ok so explain it to me then. Why would Cisternos win if Beto couldn't? How will a pro choice anti gun candidate win in that district? Yes. The election is close among democrats. But that's not the entirety of the voting population? How does Cisternos poll with independents?,0.7000000000000001,1
332,Adariusadams1,@JaMorant Probably not a good time to talk about anything with the word gun in it bro.,-0.35,-1
333,JDChapel,"@SenSchumer https://t.co/pMcKz6j0Kt
‚ÄúThis was not the first time that left-leaning Twitter prematurely blamed another sort of White man ‚Äî you know, white supremacist, entitled, conservative, marinated in gun culture ‚Äî for a massacre committed, in fact, by a different type of person.‚Äù",0.0625,1
334,Laccourtoray,"Senate Republicans just voted against the Domestic Terrorism Prevention Act, blocking a debate about racially motivated hate crimes, White supremacy, violent extremism, and gun violence in America. Instead of doing something, they choose to do nothing today.",-0.4,-1
335,sean__trujillo,"@Smackeygames @SistroMondain @democratbae @Slugcrag @HillaryClinton first of all, more than half of all gun deaths are to suicide: https://t.co/MsGuBXWJdm

second, in 2007-2011, only 1% of non-fatal violent gun attacks were done by a defender against an attacker: https://t.co/4Hutwb4zSy

another source on these points: https://t.co/W4sAdDz9XJ",-0.036111111111111115,-1
336,BertforSpain,"We have to agree to never publicize the names of school shooters and other publicity-seeking mass murderers. This is not a gun or even a ""mental health"" issue. It's an issue of malevolent narcissists weaponizing mass media. Stop publishing their names and the problem will end.",-0.3416666666666666,-1
337,geekwire,Think you can land on an aircraft carrier? #Microsoft releases ‚ÄòTop Gun‚Äô expansion for ‚ÄòFlight Simulator‚Äô https://t.co/0Gijfr8rKW @MSFSofficial #TopGun #flightsimulator #xbox,0.5,1
338,XBabyGirlTX,"""Why only in America?""

US Senator Ted Cruz walks away from @Stone_SkyNews after being asked if ""this is the moment to reform gun laws"" 

https://t.co/d2oBaP4KvW

#TedCruz #America #Texasshooting #gunlaws https://t.co/gL4TYeg04t",0.0,0
339,cnsnews,"Sen. Dick Durbin says Senate Democrats have issued a ""good faith invitation"" for Republicans to join them in a conversation about gun control.
https://t.co/QmW6WxepqD",0.7,1
340,jb11070896,US political and media elites want you to believe that today‚Äôs horrific massacre was merely the product of ‚Äúlax gun laws‚Äù and ‚Äúuntreated mental illness‚Äù because they don‚Äôt want you to come to terms with the fact that the US was created by and is maintained through mass murder.,-0.4,-1
341,EllenThurnau,HAPPENING NOW: Students at Whitefish Bay High School are participating in a walkout protesting gun violence in schools. @CBS58 https://t.co/HaeOldRQCC,0.16,1
342,igorvolsky,"Biden while running for President in July 2020: 

""Compromise is not a dirty word; it‚Äôs how our government is designed to work...I‚Äôve been able to bring Democrats and Republicans together in the United States Congress to pass big things, to deal with big issues.‚Äù

Biden now ‚¨áÔ∏è",0.2,1
343,KarlDerGr0be,"LIVE NOW: Aerials of Oxford High School where students are staging a walk out to protest gun violence, calling for gun control action following the Texas elementary school shooting https://t.co/xqBrHqhrIb",0.13927272727272727,1
344,i_rootbeer,BREAKING: Senate Republicans stab a dagger into the heart of the American people by blocking a domestic terrorism bill with a 47-47 split ‚Äî it would have allowed debate on measures to combat mass shooting gun violence. RT IF YOU THINK THAT REPUBLICANS HAVE BLOOD ON THEIR HANDS!,0.0,0
345,GrenettaWater,"Let‚Äôs say it together:

Republicans do not care about the safety of you or your family.

#RepublicansAreTheProblem #VoteBlue 

Senate GOP blocks domestic terrorism bill, gun policy debate | AP News https://t.co/aU2olEzQUi",0.0,0
346,N8isl8,"You can‚Äôt carry a gun while carrying a cross.

It‚Äôs one or the other. 

The way of the gun, or the way of the cross.",-0.041666666666666664,-1
347,dllundy1,"Democrats are already rejecting calls for more security and single entry points for schools (refusing to concede single points of entry with multiple exits is possible).  They only want gun control, which won't pass the Senate.  That means they want the issue, not a solution.",0.059523809523809534,1
348,BuscandoD,"The states with the strictest gun laws have the most gun violence, mainly because making things illegal doesn‚Äôt make them harder to get. 107,000 people overdosed on ILLEGAL drugs last year. Millions more did them. It‚Äôs time to move on from lazy talking points and think bigger.",-0.020370370370370372,-1
349,ElvaHughey,BREAKING: Senate Republicans blocked a domestic terrorism bill that would have opened debate on gun measures after the deadly Texas school shooting. https://t.co/hMdW0iNItZ,-0.1,-1
350,SparklingBlue,"WHO, EXACTLY, ARE WE SUPPOSED TO VOTE FOR IN NOVEMBER, WHEN NEITHER PARTY WILL DO ANYTHING ABOUT GUNS? https://t.co/lMwqb6RLYA",0.25,1
351,cheech48310500,BREAKING: Senate Republicans stab a dagger into the heart of the American people by blocking a domestic terrorism bill with a 47-47 split ‚Äî it would have allowed debate on measures to combat mass shooting gun violence. RT IF YOU THINK THAT REPUBLICANS HAVE BLOOD ON THEIR HANDS!,0.0,0
352,repairtheusps,"BREAKING: AOC shreds gun nut Rep. Lauren Boebert for claiming that you ""cannot legislate away evil"" to defend guns, says she should ""just quit"" instead of ""acting like a useless piece of furniture"" and letting babies get shot by AR15s. RT IF YOU THINK  THAT BOEBERT SHOULD RESIGN!",-0.5416666666666666,-1
353,JerriPeake,"@cwebbonline @RpsAgainstTrump Republicans aren‚Äôt doing nothing. They‚Äôre doing the bidding of their big money donor, the NRA, &amp; actually loosening gun restrictions. They‚Äôre fighting tooth &amp; nail against any and all laws to regulate guns.",0.0,0
354,veryBENeficial,"I've seen the aftermath of a young person's body shattered by a gun. I watched his parents fall to the floor, grasping for each other, making sounds that were barely human. I was 10, the age of the kids in the TX classroom. The body was my brother's. üßµ",-0.008333333333333331,-1
355,C0G1TO_ERG0_SUM,"The New York Times reports that a mere four Republican senators are ""open or undecided"" on new gun control legislation, with the other 46 being opposed or refusing to say. That's not gonna cut it. https://t.co/klbRF0xzb9",-0.07045454545454546,-1
356,gordon_goes,@Senseinobaka @Timcast There are federal background checks. This BS statement is really getting old. Go and try and buy a gun &amp; maybe you will understand that there are definitely required federal background checks already. ü§Ø,0.10000000000000002,1
357,KarenJSchroeder,"Fwiw, Manchin told me this quote just over a week after Parkland in 2018:

‚ÄúIt feels a little different. I‚Äôve got grandchildren also in the school systems, and I understand the concerns that every parent and grandparent has.‚Äù",-0.09375,-1
358,RachelDisc,"congratulations America, I didn‚Äôt think you could outdo yourself but ‚Äúcops threatening to stun gun Latino parents as their little kids were murdered‚Äù is a new zenith in Bipartisan National Death Drive",-0.025568181818181823,-1
359,PameLaFF,"Oxford High School students in Michigan walked out in protest over a lack of gun control laws and to show support for the victims of the school shooting in Uvalde, Texas. Oxford High School was the site of a mass shooting that killed four students in November 2021. https://t.co/nsA1Eh3TAT",0.04,1
360,thebennatan,‚ÄúGood guy with a gun‚Äù arguments are dumb but also a police officer has never been a ‚Äúgood guy with a gun.‚Äù,0.3416666666666666,1
361,MgMarshall1956,"Bullshit.
Countries like Australia that have imposed strict gun control cut the instance of gun murders by 70%.",0.0,0
362,ColetteGodfrey,@RantingCanadian @breakfasttv Nope because I‚Äôm not remotely interested in owning a gun or having anything to do with one! But more checks and balances can only be better for society as a whole,0.20875,1
363,Valerie49961720,"Gun violence is the number one cause of death for young people in the United States and as a result it is the number one cause of death of our future. 

In order to make Congress act every day Americans on the left and right must work together and demand action.",0.09714285714285713,1
364,CLBlackburn1,"Listen, shitlibs, the only answer to a bad guy with a gun is a good guy with a gun* 

*unless, of course, the good guys with the guns just decide to hang out outside while the bad guy when the gun murders children",3.700743415417188e-17,1
365,Dragonkingvs,Ah nuts https://t.co/pRgsyYGrH2,0.0,0
366,tigerwat48,"George Floyd robbed a pregnant woman at gun point. It‚Äôs not the same, you divisive psychopath.",0.16666666666666666,1
367,peaceliberty,@NatashaBertrand @HarrySandick @andersoncooper So much for a good guy with a gun! https://t.co/V6rGJk8vLD,0.5375,1
368,_RubyLeClaire,"BREAKING: Senate Republicans just blocked the Domestic Terrorism Prevention Act, which would have opened debate on gun reform measures.",0.0,0
369,HairylegsBiden,"Statistically speaking, the most effective laws for reducing gun violence and gun homicides is cracking down on straw purchasing...that is someone buying a gun for a person not legally able to have one. And it isn't even close.",0.17361111111111113,1
370,1818Sfguy,"So, Imma need a smart contrarian online ""leftist"" to explain to me whether or not it's still ""virtue signalling"" and ""politicizing this tragedy"" if *checks notes* your school just had a mass shooting 6 months ago?

(naw I'm just kidding; I know you folks are idiot liars already.)",-0.21190476190476193,-1
371,writedressjack,"@AP Texas, one of the most heavily armed states could not find a good man with a gun for a whole hour.",0.3,1
372,kcswon,"When asked about gun control in the wake of the horrific Texas elementary school shooting, GOP Senate candidate Herschel Walker, who recently won his primary in Georgia, said this -- and this is an EXACT quote:
‚ÄúWhat I like to do is see it and everything and stuff.‚Äù",-0.009999999999999986,-1
373,ChristyReedy7,"I want you to remember a number: $442,333.

It‚Äôs the amount of money that Ted Cruz has received from the gun lobbyists including the NRA.

That‚Äôs the price for his silence and deflection. The real cost is our lives and the lives of our children.",0.2,1
374,thatdarndeb,Stop weaponizing mental illness to excuse inaction regarding common sense gun legislation.,-0.15,-1
375,PGourevitch,"so law enforcement followed the GOP playbook for gun massacres step by step: do nothing to stop it, wave away or outright attack those who cry for help, then lie about it all
https://t.co/Jef2U46Vj5",0.0,0
376,TacticsSirvival,I just got cancer watching this. And a lot of you are suggesting these as solutions it‚Äôs crazy to even try to respect y‚Äôall as people when you view everything like this.,-0.6,-1
377,MISU_28_3_45,"THEY TOOK GOD OUT OF SCHOOLS 30+ YRS AGO, NOW THAT GENERATION IS SHOWING US WHAT THE EVIL IS CAPABLE OF, LAW ABIDING GUN OWNERS DON'T MASSACRE ANYONE, UNLESS YOU SHOW UP AT THEIR HOUSE",-0.4,-1
378,bigbobby666,"@DarthYoda1977 @CommandTake @pskmiller @BarackObama The propaganda about the gov trying to control people and fear of criminals has been ingrained for 40+ years. If I could wave a magic wand I would, but the consequences for forced gun removal would be astronomical.",0.033333333333333326,1
379,BigIron0nHisHip,This is what gun control looks like https://t.co/lVi86hfzRA,0.0,0
380,patrona1,"TLDR: For most of Uvalde's state and federal elected officials, it's guns before people. 

These cowards helped murder 19 children and two teachers. 

If Texans don't vote them out, nothing changes. 

https://t.co/l6i93FESy3 #UvaldeMassacre #TexasMassacre #VoteThemOut",0.5,1
381,UUelDee,"@_AmusingMyself @RedThreadHead1 @gordon_alive @BucketHatHeadA1 @JenJoMa @Gato_parodia @TDunadan @pacific_flyway @Lamneth21 @genxstan @MeAfter4 @BaalambL @RmwBlacksodder @3kidzlater @CSomerton @ELFherselfagain @DTitland @bettedavisthizz @ring_sec @HoopTrainerJess @DaxophoneSolo @JohnCca1dwe11 @69MimiLisa @RealSnakeP @RebelliousTodd @Theologia11 @frenchgen2 @runningamok87 @maryf8097 @just_Libert_e @PeteMos01121917 @Canzaus_Kid @BlueLiberal4UU @ManPi314 @annetekiri @DontLetsPod @maryh4751 @RealCasperPhD @ChompyPrez @GalacticVirgin2 @PoppoTHaguewood @Whoo_HolyHell @wiscorpio72 @yelcat2 @foundgum @CNewhampshire @garbowithag @TheFightin28th @Ktrichel @ValerieJarrett Same here and, in my NC county, the CCW Permit renewal process takes several months just as if it was a new application. It is not easy at all and I have also never found a ""Gun Show Loophole"". They are mythical beasts like unicorns.",-0.02007575757575758,-1
382,GuerrasLaws,BREAKING: Senate Republicans blocked a domestic terrorism bill that would have opened debate on gun measures after the deadly Texas school shooting. https://t.co/hMdW0iNItZ,-0.1,-1
383,ChathamClub,"Detail of the WW2 Anti-Aircraft Artillery map of South London that‚Äôs *still* on the wall of Gun Operations Room 4, built into the lift shaft of disused Brompton Road tube station. Which OBV you know as you‚Äôre watching #secretsofthelondonunderground on @YesterdayTweets ARE YOU NOT https://t.co/Eo6gMlFZmO",0.0,0
384,dlbruce0107,"At his victory party on Tuesday herschel was asked if he believes there should be new gun laws after the Texas shooting, he said: ‚ÄúWhat I like to do is see it and everything and stuff.‚Äù",0.13636363636363635,1
385,TheNickofStarr,BREAKING: Republicans just blocked a bill that would have opened debate on gun reform measures and domestic terrorism prevention in the Senate.,0.0,0
386,motelroses,1) about how ppl say better gun laws = better mental health evaluations which isnt true Bc a lot of men which is true do not get mental health care 2) if you are angry &amp; buying a gun you are mentally ill and what happens when that man doesn‚Äôt have a background of mental health.,0.044444444444444446,1
387,XtianMiranda,I spoke on the Senate floor urging my Republican colleagues to join us to take action on gun violence. We don‚Äôt have to live like this! https://t.co/tGJKYETFdj,0.13522727272727272,1
388,Sundaaayz,"@Log1kz_ There‚Äôs gun violence in many countries, but not in the way of mass shootings like in this country. 

Something about US culture perpetuated a lack of care for other people",0.1875,1
389,Pondertwosides,"@synapse2000 Shooters in TX &amp; Denmark(over 70 people) were fans of ""Call of Duty"".Yes, a gun killed yesterday, but ideation led to the former.Educate young people about how what they gaze on is rewiring their brains,&amp; not all for good. Do educate about how neural networks form.",0.19999999999999998,1
390,BaronSnow3,Senate: Cancel Recess and Pass Gun Reforms Now | MoveOn https://t.co/VBf1m9j4y8,0.0,0
391,RestlessNativ,BREAKING: Republicans just blocked a bill that would have opened debate on gun reform measures and domestic terrorism prevention in the Senate.,0.0,0
392,HonyoustMary,"A bunch of police officers standing outside the school, while the shooting is going on, parents pleading for them to go in, pretty much demolishes the GOP argument about the good guy with a gun.",0.2875,1
393,thorharris666,URGENT: We're running out of time to demand action to prevent school shootings like the one at Sandy Hook Elementary. We're falling short of our midnight signature goal ‚Äì but we're missing your name. Please sign the petition now to help protect children from gun violence.,0.05,1
394,cvham1958,"Where does gun violence in America lie? The NRA, the Republican party, society, or is it just that people don't care.",0.0,0
395,FCrackr,"How is it possible that somebody can spend ten minutes firing a gun outside a school, not be engaged by law enforcement, and just walk right into a school that wasn't locked down when they heard the shots being fired?",0.026031746031746024,1
396,NoirPoetograpy,"You see, in America, we like to support small businesses that give people good jobs.  Every time there's a mass shooting, both coffin and gun sales go up, so small, family-owned shops like Batesville Casket, and Shelby Family Guns get to hire more workers.  Everybody wins!",0.215,1
397,O_T_Reynolds,Ted Cruz's latest solution to reduce gun crime in America. https://t.co/akRgOEpwes,0.5,1
398,flowers_happy,"@GOPChairwoman We need leaders who are not in the pockets of the gun lobby. Seriously, what kind of political party votes pro domestic terrorists?",0.06666666666666667,1
399,annavrmac,@cbenser @WeThePe26240840 @dougransom @johnpavlovitz Agreed we could do a much better job with treating mental health. But it doesn‚Äôt change the reality that having common sense gun laws will reduce gun violence,0.03333333333333335,1
